16	-
3	-
a	-
a.m.	-
aa	-
abbot	+
abductor	+
aberration	-
abhorrence	-
ability	-
abnegation	-
abnormality	-
abolitionism	-
abolitionist	-
abomination	-
aboriginal	-
aborigine	0
abortion	-
abortionist	-
absence	-
absentee	+
absolutism	-
abstractionist	-
abundance	-
abuse	-
abyss	-
ac	-
academia	-
academic	-
academician	-
academy	-
acanthus	-
acceptance	-
access	-
accessibility	-
accident	-
accompanist	+
accomplice	+
accomplishment	-
accord	-
accordionist	-
account	-
accountant	0
accounting	-
accusation	-
accuser	+
ace	-
acetate	-
achievement	-
acidification	-
acknowledgement	-
acknowledgment	0
acolyte	+
acoustic	-
acquaintance	+
acquisition	-
acquittal	-
acre	-
acrobat	-
act	-
action	-
activation	-
active	-
activism	-
activist	0
activity	-
actor	0
actress	0
actuality	-
actuary	-
ad	-
ad-lib	-
addict	-
addiction	-
addition	-
address	+
adherent	0
adjunct	+
adjustment	-
administration	0
administrator	0
admiral	0
admirer	+
admission	-
adoption	-
adorer	+
adrenaline	-
adult	-
adulteration	-
adulterer	-
advance	-
advancer	-
advantage	-
adventure	-
adversary	+
adversity	-
advertisement	0
advertiser	0
advertising	-
advice	-
adviser	+
advisor	+
advisory	0
advocate	+
aerialist	-
aerodrome	-
aerodynamics	-
aeronaut	-
affair	-
affectation	-
affiliate	+
aficionado	+
afp	-
african	-
afterburner	-
aftermath	+
afternoon	-
aftershock	-
agave	-
age	-
agency	0
agenda	-
agent	+
aggression	-
aggressor	+
agitator	0
agreement	-
agriculture	-
aid	-
aide	+
ailment	-
aim	-
air	-
aircraft	-
aire	-
airforce	0
airline	-
airliner	-
airman	-
airplane	-
airport	-
airwave	-
ajax	-
al-qaida	-
alacrity	-
alarm	-
albanian	-
album	-
alcohol	-
alcoholic	-
alert	-
alias	+
alkali	-
all-rounder	-
allegation	-
allergist	-
alliance	-
alliteration	-
ally	+
aloofness	-
alp	-
also-ran	+
altercation	-
alternate	+
alternative	+
altimeter	-
alum	+
aluminum	-
alumna	+
alumnus	+
amalgamation	-
amaretto	-
amateur	+
ambassador	+
amberjack	-
ambition	-
amblyopia	-
ambrose	-
amendment	+
american	-
americanism	-
ammunition	-
amnesty	-
amount	-
amphitheater	-
amputation	-
amputee	-
amyloidosis	-
anaesthetic	-
analog	0
analysis	-
analyst	0
anathema	-
ancestor	+
anchor	0
anchorman	+
ancient	-
anecdote	-
anemone	-
anesthesia	-
anesthesiologist	0
angel	-
anger	-
angle	-
animal	-
animator	0
anime	-
animist	-
ankle	-
ankylosaur	-
anniversary	-
announcement	0
announcer	+
anonymity	-
answer	-
antacid	-
antagonist	+
ante	-
antenna	-
anthrax	-
anthropologist	-
anti-semitism	-
antic	-
anticlimax	-
antidepressant	-
antidote	+
antifreeze	-
antigen	-
antimatter	-
antipode	+
antiseptic	-
anxiety	-
apache	-
apartment	-
apc	-
aperitif	-
apocalypse	-
apologist	+
apology	0
apostasy	-
apostle	+
appaloosa	-
apparel	-
appeal	0
appearance	-
appeaser	+
appendix	-
application	+
appointee	+
appointment	-
appraiser	0
apprentice	+
approach	-
appropriation	-
approval	-
aquatic	-
arachnid	-
arbiter	0
arbitrator	+
archaeologist	-
archaeology	-
archbishop	+
archdeacon	+
archeologist	-
archer	-
architect	-
archivist	-
archpriest	0
area	-
arena	-
argument	-
aristocracy	0
aristocrat	-
arkansan	-
arm	-
armrest	-
army	-
arrangement	-
arrest	-
arrival	-
arse	-
arsenal	-
arsenic	-
arsenide	-
art	-
artefact	0
arthritis	-
article	-
articulator	+
artifact	0
artillery	-
artisan	-
artist	-
ascension	-
ascetic	-
ascot	-
ash	-
asio	-
asking	-
aspect	+
aspersion	-
asphyxiation	-
aspirant	+
aspirin	-
assailant	+
assam	-
assassin	-
assassination	-
assault	-
assembly	-
assemblyman	-
assessment	-
assessor	+
asset	-
assignment	-
assist	-
assistance	-
assistant	+
associate	+
association	-
assurance	-
assyrian	-
asthma	-
astrologer	-
astrology	-
astronaut	-
astronomer	-
astrophysicist	-
asylum	-
asymmetry	-
athlete	-
atmosphere	-
atomizer	-
atrocity	-
atropine	-
attachment	-
attack	-
attacker	+
attempt	-
attendance	-
attendant	+
attendee	+
attention	-
attic	-
attitude	-
attorney	0
attraction	-
attractiveness	-
attribution	-
auction	-
auctioneer	+
audience	0
audiocassette	-
auditor	0
aunt	+
aurora	-
author	+
authority	-
authorship	-
auto	-
autobahn	-
autocrat	+
automaker	-
automobile	-
autonomy	-
autopsy	-
avant-garde	-
avenue	-
average	-
aviation	-
aviator	-
award	+
awareness	-
ayatollah	0
azalea	-
b	-
ba	-
babbler	-
babe	0
baby	+
baby-sitter	-
babysitter	0
bachelor	-
back	-
backbone	-
backer	+
background	-
backhander	-
backing	0
backlog	-
backpacker	-
backrest	-
backside	-
backspace	-
backstop	+
backup	-
backyard	0
bacteriology	-
badge	-
badness	-
bag	-
baghdad	-
baht	-
bail	-
bailiff	-
baker	-
balance	-
balancer	-
baldness	-
ball	-
balloonist	-
ballot	-
balloting	-
ballplayer	-
balm	-
bamboo	-
ban	-
band	-
bandwidth	-
bang	-
banger	-
banjo	-
bank	-
banker	-
banking	-
bankruptcy	-
banner	-
bantamweight	-
bar	-
barb	-
barbarian	-
barbiturate	-
bargain	-
bark	0
barkeep	+
barmaid	-
barnstorming	-
baron	+
barrage	-
barrel	-
barren	-
barrier	-
barrister	0
bartender	0
base	0
baseball	-
baseman	+
basis	0
basket	-
basketball	-
basketry	-
bassist	0
bastard	0
basting	-
bastion	-
bat	-
bath	-
batsman	+
batter	0
battery	-
batting	-
battle	-
battler	-
bayou	-
beach	-
beachhead	-
beanball	-
bear	-
bearer	+
beast	-
beat	-
beating	-
beatrice	-
beauty	-
bebop	-
becquerel	-
bed	-
bed-wetting	-
bedouin	-
bedrock	-
bedroom	-
bedside	-
bedspring	-
bedtime	-
bee	-
beef	0
beep	-
beer	-
beeswax	-
beggar	-
begin	-
beginning	+
behalf	+
behavior	-
behaviorism	-
behaviorist	-
behaviour	-
beheading	-
being	-
belay	-
belief	-
believer	0
belt	-
bench	-
benefactor	+
beneficiary	+
benefit	-
bentwood	-
beryl	-
besieger	+
bet	-
betrayal	-
betrothed	+
bettor	-
bib	-
bid	+
bidder	+
bidding	-
bight	-
bigot	-
bigwig	0
bike	-
bill	-
billion	-
billionaire	-
bimbo	-
bind	-
binoculars	-
biochemist	-
biodiversity	-
biographer	0
biography	-
biologist	-
biomass	-
biophysicist	-
biped	-
bird	-
birder	-
birdie	-
birth	-
birthday	-
birthplace	+
birthright	+
bishop	-
bit	+
bitmap	-
bittersweet	-
bitumen	-
black	-
blacksmith	-
blanket	-
blaring	-
blast	-
bleacher	-
blessing	-
blind	-
blinder	-
blink	-
blitzkrieg	-
blizzard	-
blob	-
bloc	-
block	-
blocker	0
blogger	-
blood	-
bloodline	-
bloodworm	-
bloomer	-
bloomsbury	-
blossoming	-
blow	-
blowhole	-
blowtorch	-
blt	-
bluefish	-
bluegrass	-
boar	-
board	-
boastfulness	-
boat	-
boatload	-
bobber	-
bobcat	-
bobsled	-
body	0
bodyguard	+
bogey	-
bogie	-
bohemian	-
bolivar	-
bollard	-
bomb	-
bomber	0
bombing	-
bombshell	-
bonbon	-
bond	-
bondholder	-
bone	-
bongo	-
bonus	-
boogie-woogie	-
book	-
bookcase	-
booker	-
booking	-
bookkeeper	-
bookmaker	-
bookseller	-
bookshop	-
boom	-
boomer	-
boost	-
boot	-
booze	-
bordeaux	-
border	+
borderland	+
borderline	-
borrower	+
bosom	-
boss	+
bostonian	+
botanist	-
bottle	-
bottom	+
bottomland	-
bouillabaisse	-
bouillon	-
bouncer	0
bound	0
boundary	+
bourbon	-
bourse	-
boutonniere	-
bow-tie	-
bowl	-
bowler	-
bowling	-
box	-
boxing	-
boy	0
boycott	-
boyfriend	+
boysenberry	-
bra	-
brain	-
brain-stem	-
brainchild	+
brakeman	-
branch	+
brand	-
branding	-
brandy	-
brassiere	-
brat	-
bratwurst	-
brazilian	-
bread	-
breadbasket	-
breadwinner	0
break	-
breakfast	-
breakthrough	-
breast	-
breed	-
brethren	+
brew	-
brewer	-
briber	+
bricklayer	-
bride	+
bridesmaid	+
bridge	-
briefing	-
brigade	-
brigadier	0
brimstone	-
brioche	-
briquette	-
briton	+
broadcast	-
broadcaster	-
broker	0
brokerage	-
bronc	-
bronze	-
brooder	-
brother	+
brother-in-law	+
brown	-
browser	-
bruin	-
brush	-
brutalization	-
bubble	-
buckshot	-
buckyball	-
buddha	-
buddy	+
budget	-
buff	-
buffet	-
builder	-
building	-
bulk	-
bullet	-
bum	-
bumpkin	-
bunch	-
bunting	-
bur	-
burden	-
bureau	+
bureaucracy	-
bureaucrat	+
burger	-
burma	-
burning	-
bursar	0
burst	-
bus	-
bush	-
bushing	-
bushman	-
business	-
businessman	-
businesswoman	-
busload	-
buster	-
busybody	-
butcher	-
butchering	-
butchery	-
butler	0
butter	-
button	-
butyl	-
buy	-
buyback	-
buyer	+
buying	-
buyout	-
buzzer	-
by-product	+
bycatch	-
bystander	+
byway	0
c	-
cabin	-
cabinet	-
cable	-
cacophony	-
cad	-
caddie	+
cadet	-
cadre	-
caesarean	-
cairn	-
calendar	-
calibre	-
californian	-
caliph	+
call	-
caller	+
calligrapher	-
calmness	-
calophyllum	-
calvary	-
camaraderie	-
camelot	-
camera	-
camp	-
campaign	-
campaigner	+
campground	-
campus	-
can	-
canard	-
cancer	-
candelabrum	-
candidate	+
candidiasis	-
cannonade	-
cantonment	-
canvas	-
canvasser	0
cap	-
capability	-
capacity	-
capital	+
capitalism	-
capriciousness	-
capricorn	-
captain	+
captivity	-
captor	+
car	-
carabao	-
carafe	-
caravan	-
card	-
cardholder	-
cardigan	-
cardinal	+
cardiologist	-
care	-
career	-
caregiver	+
caretaker	+
cargo	-
caricature	+
carmaker	0
carnation	-
carpenter	-
carpetbagger	-
carrier	0
cart	-
carter	-
cartoon	0
cartoonist	-
carver	-
case	0
casework	-
caseworker	0
cash	-
cashier	0
casino	-
cast	+
castaway	-
castle	-
casualty	-
cat	-
cataclysm	-
catalyst	0
catastrophe	-
catch	-
catcher	+
catchphrase	-
catechism	-
category	-
caterer	0
catharsis	-
cattail	-
cattle	-
cause	+
caution	-
caw	-
cd	-
ce	-
cease-fire	-
ceiling	0
celebrant	-
celebration	-
celebrator	+
celebrity	-
celibacy	-
celibate	-
cell	-
cellist	0
cemetery	-
cenotaph	-
censor	-
cent	-
centavo	-
centenarian	-
center	+
centerfielder	+
centerpiece	+
centre	+
centrepiece	0
centrist	-
centurion	-
century	-
ceo	+
ceremony	-
cesspool	-
cf	-
cha-cha	-
chador	-
chafing	-
chain	-
chair	-
chairman	+
chairperson	+
chairwoman	+
chaise	-
challenge	-
challenger	+
chamber	-
chamberlain	0
chameleon	-
champ	+
champion	+
championship	-
chance	-
chancellor	+
chancery	-
change	-
channel	-
chaos	-
chaplain	0
chapter	0
character	+
charge	-
charity	-
charmer	0
chart	-
charter	-
chaser	+
chatter	-
chauffeur	-
chechen	-
check	-
checkpoint	0
cheekiness	-
cheerleader	-
cheese	-
cheetah	-
chef	-
chemical	-
chemist	-
chemistry	-
chest	-
chew	-
chicken	-
chico	-
chief	+
chieftain	+
child	0
childhood	-
childishness	-
chill	-
chimera	-
chink	-
chino	-
chip	-
chiropractic	-
chiropractor	0
chit	-
chitchat	-
chiton	-
chlorination	-
chocolate	-
choice	-
chordate	-
choreographer	0
choreography	-
chorine	-
chortle	-
chorus	-
chow	-
chowder	-
christening	-
christian	-
christianization	0
chronicler	0
chug	-
chunk	+
church	-
churchman	-
chute	-
cigarette	-
cinch	-
cinderella	-
cinematographer	0
circle	-
circuit	-
circumference	-
circumstance	-
citizen	+
citizenship	-
citrus	-
city	-
civet	-
civilian	0
cl	-
cladding	-
claim	-
claimant	+
clamour	-
clamshell	-
clap	-
claque	-
clarion	-
clash	-
clasp	0
class	-
classic	-
classicism	-
classification	-
classified	-
classmate	+
classroom	-
clavicle	-
clawback	-
clay	-
cleaner	0
cleanliness	-
cleansing	-
clef	-
clergyman	0
cleric	0
clerk	-
client	+
clientele	+
climate	-
climatologist	-
clinic	-
clinician	+
clink	-
clinton	-
clip-on	-
clock	-
clodhopper	-
clone	+
close	-
closer	-
closing	-
closure	-
clothes	-
clothier	-
clothing	-
cloud	-
cloudburst	-
clout	-
club	-
clubfoot	-
clue	-
co-author	+
co-defendant	+
co-discoverer	+
co-founder	+
co-pilot	+
co-star	+
co-worker	+
coach	+
coaching	-
coagulant	-
coagulation	-
coal	-
coalition	-
coast	+
coastline	-
coat	-
coating	-
cocaine	-
cock	-
coconspirator	+
code	-
codefendant	+
coffee	-
cofounder	+
cognac	-
cohort	+
cohosh	-
coif	-
cold	-
collaborator	+
collapse	-
collar	-
collarbone	-
colleague	+
collection	-
collectivism	-
collector	0
college	-
collegian	+
collie	-
collision	-
cologne	-
colombian	-
colon	-
colonel	0
colonialist	-
coloniser	+
colonist	+
colonization	0
colonizer	+
colony	+
color	-
coloradan	-
coloratura	-
colorist	-
colossus	-
column	-
columnist	+
combat	-
combination	-
comeback	-
comedian	-
comedy	-
comer	0
comfort	-
command	-
commandant	+
commander	+
commando	-
commemorative	-
comment	-
commentary	-
commentator	+
commerce	-
commercial	-
commissar	+
commission	-
commissioner	0
commitment	-
committee	0
committeeman	+
commodity	-
commodore	+
commoner	-
communalism	-
communication	-
communicator	-
communique	-
communist	-
community	-
commuter	-
companion	+
company	-
comparison	-
compartmentalization	-
compatriot	+
compendium	-
compensation	-
competency	-
competition	-
competitor	+
complaint	-
complex	-
compliance	-
component	+
comportment	-
composer	0
compost	-
compound	-
comprehension	-
compromise	-
comptroller	0
compunction	-
computer	-
comrade	+
concentration	-
concept	-
concern	-
concert	0
concession	-
conciliator	+
conclusion	-
concubine	+
condensate	-
condition	-
conduct	-
conductor	+
confab	-
confederate	-
conferee	+
conference	-
confessional	-
confessor	+
confidant	+
confidante	+
confidence	-
confidentiality	-
confirmation	-
conflagration	-
conflict	-
confrontation	-
confusion	-
conglomerate	+
congratulation	-
congregant	+
congress	-
congressman	0
congresswoman	+
connection	-
connectivity	-
conniption	-
connivance	-
connoisseur	+
conquering	-
conqueror	+
conscript	-
consensus	-
consequence	+
conservation	-
conservative	-
conservator	0
consideration	-
consignor	+
consort	+
consortium	+
conspiracy	-
conspirator	0
constable	-
constantine	-
constellation	-
constituency	+
constituent	+
constitution	+
construction	-
consul	+
consulate	+
consultant	+
consultation	-
consumer	0
consumption	-
contact	0
container	-
containment	-
contemporary	+
contender	0
content	0
contention	-
contest	-
contestant	+
context	-
contiguity	-
continent	-
contortion	-
contra	-
contraceptive	-
contract	-
contracting	-
contractor	0
contradiction	-
contrast	-
contribution	-
contributor	+
control	-
controversy	-
convalescent	-
convener	+
convention	-
conventionality	-
conventioneer	-
conversation	-
conversationalist	-
convert	0
conveyor	0
convict	0
conviction	-
convoy	-
cookie	-
cooking	-
coolant	-
coolness	-
cooper	-
cooperation	-
coordination	-
coordinator	+
copepod	-
copilot	+
copper	-
copra	-
copy	-
copywriter	0
coquette	-
core	+
corn	-
corner	+
cornerback	+
cornet	-
cornflower	-
corp	0
corporal	+
corporation	-
corpus	-
correlation	-
correspondent	+
corridor	-
corruption	-
cosmetologist	0
cosmonaut	-
cosmos	-
cost	-
cot	-
cottage	-
cotton	-
cougar	-
cough	-
council	0
councillor	+
councilman	0
councilwoman	0
counsel	0
counseling	-
counselling	-
counsellor	+
counselor	0
count	-
countdown	-
counter	-
counterfeiter	-
counterman	+
counterpart	+
counterspy	0
country	-
countryman	+
countrywoman	-
county	+
coup	-
couple	0
coupon	-
courage	-
courier	-
course	-
coursing	-
court	-
courtier	+
courtroom	-
courtyard	0
cousin	+
cover	-
coverage	-
cow	-
coward	-
cowpuncher	-
cox	-
coyness	-
crabgrass	-
crack	-
crackdown	-
crackling	-
craft	-
craftsman	-
crash	-
crasher	0
crawlspace	-
crazy	-
creak	-
cream	-
creation	-
creator	+
credibility	-
credit	-
creditor	+
crew	0
crewman	+
crick	-
cricket	-
cricketer	-
crime	-
criminal	-
criminologist	-
crinoline	-
crisis	-
criterion	-
critic	+
criticism	-
critique	+
croatian	-
crocodile	-
crony	+
crooner	-
crooning	-
crop	-
cross	-
crow	-
crowbar	-
crowd	-
crowding	-
crown	-
crude	-
cruet	-
cruise	-
cry	-
cryptanalysis	-
cryptographer	0
cub	-
cuckold	+
cue	-
cuff	-
culprit	+
cult	-
culture	-
cup	-
cupboard	-
curator	+
curb	-
cure	+
curfew	-
curie	-
curmudgeon	-
currant	-
currency	-
curtain	-
custard	-
custodian	0
custody	-
custom	-
customer	+
cut	-
cut-and-thrust	-
cuteness	-
cyber-terrorism	-
cybercafe	-
cyberpunk	-
cycle	-
cyclist	-
cyclooxygenase	-
cynic	-
cypress	-
cypriot	+
czar	+
czarina	+
da	-
dachshund	-
dacoit	-
dacron	-
dad	+
dada	+
daddy	+
daiquiri	-
dairy	-
dalmatian	-
dam	-
damage	-
damages	-
dame	0
dance	-
dancer	-
dander	-
dane	-
danger	-
dangerousness	-
darjeeling	-
darling	0
darning	-
date	0
dateline	-
datum	-
daughter	+
daughter-in-law	+
dawdler	-
dawn	-
day	-
daydream	-
daytime	-
dd	-
ddc	-
de	-
deacon	0
deadbeat	-
deadline	+
deal	-
dealer	0
dean	+
dearest	+
death	-
debasement	-
debate	-
debris	-
debt	-
debut	-
debutante	-
decade	-
decal	-
decedent	0
deception	-
decision	-
decisiveness	-
deck	-
deckhand	+
declaration	-
declassification	-
decline	-
decoding	-
decolletage	-
decontamination	-
decorator	-
decree	-
deep-freeze	-
defaulter	-
defeat	-
defector	+
defence	-
defendant	+
defender	+
defense	-
defenseman	+
defibrillation	-
deficit	-
definition	-
degree	-
delay	0
delegate	+
delegation	-
delirium	-
delivery	-
dell	-
demagogue	0
demand	-
dementia	-
demimonde	-
democracy	-
democrat	-
demographer	-
demolition	-
demon	-
demonstration	-
demonstrator	+
demoralization	-
den	-
denizen	+
dentist	0
department	+
departure	-
dependent	+
depiction	+
deployment	-
deportee	+
deportment	-
deposit	-
depositor	+
depression	-
depth	-
deputy	0
deregulation	-
derivative	-
dermatologist	-
dervish	-
descendant	+
description	-
descriptor	-
desensitization	-
desert	-
deserter	+
design	-
designer	0
desire	-
desk	-
despot	0
destination	-
destiny	-
destruction	-
detachment	-
detail	-
detainee	+
detective	0
detention	-
determinant	0
determination	-
deterrent	+
detoxification	-
detractor	+
detritus	-
deuterium	-
developer	0
development	-
deviation	-
device	-
devil	-
devotee	+
diabetic	-
diagnostician	-
dialogue	-
diamond	-
diatribe	-
dichotomy	-
dickens	-
dictator	+
diet	-
dietitian	-
difference	-
differentiator	-
difficulty	-
digestion	-
dignitary	-
dill	-
dime	-
dingbat	-
dining	-
dinner	-
diplomacy	-
diplomat	+
direction	-
director	+
directorship	-
disagreement	-
disappointment	-
disarmament	-
disaster	-
disc	-
disciple	+
discipline	-
disclosure	-
discordance	-
discount	-
discovery	-
discrimination	-
discus	-
discussion	-
disease	-
dish	-
dishrag	-
disillusion	-
disinfectant	-
disintegration	-
disinterest	-
disk	-
disorder	-
disorganisation	-
dispatcher	+
display	-
disposable	-
disproportion	-
disputant	+
dispute	-
disqualification	-
disquisition	-
disseminator	+
dissenter	+
dissidence	-
dissident	+
distance	-
distiller	-
distress	-
distribution	-
distributor	0
district	+
ditty	-
diva	-
divergence	-
dividend	+
divine	-
division	-
divorce	-
divorcee	+
dj	-
dna	-
do	-
do-gooder	-
doc	-
docker	-
docket	-
docking	-
dockworker	-
doctor	0
doctorate	-
document	-
documentary	-
dog	-
dogma	-
dollar	-
dolmen	-
domestic	-
dominican	-
don	-
donation	0
dong	-
donor	+
doom	-
doomsday	-
door	-
doorman	-
doorpost	-
doorstep	-
dorado	-
dorm	-
dormitory	-
dose	-
double-double	-
doubt	-
doubter	+
dove	-
downing	-
downsizing	-
downtown	0
dozen	-
dp	-
draft	0
draftee	+
draftsmanship	-
dragonfly	-
drainage	-
drainpipe	-
drake	-
drama	-
dramamine	-
dramatist	-
dramaturgy	-
draper	-
draw	-
drawbridge	-
drawing	-
dream	-
dress	-
drib	-
dribbling	-
drifter	-
drilling	-
drink	-
drinker	-
drinking	-
drive	-
driver	+
drone	-
drop	-
dropper	-
drought	-
drug	-
drum	-
drummer	+
duchess	+
duck	-
duckling	-
dud	-
dude	-
duffle	-
duke	+
dumper	0
dunderhead	-
dune	-
durian	-
dust	-
dutchman	-
duty	-
dvd	-
dweller	+
dye	-
dyke	-
dynamite	-
dystopia	-
e-commerce	-
e-mail	-
ear	-
earner	-
earnings	-
earth	-
earthenware	-
earthling	-
earthquake	-
earthwork	-
ease	-
easiness	-
easing	-
easterner	-
eater	-
eatery	-
eccentric	-
ecologist	-
economics	+
economist	0
economy	-
ecstasy	-
ecuadorian	-
edge	+
edict	-
edification	-
edifice	-
edition	+
editor	+
editorial	-
education	-
educationist	-
educator	+
effect	0
efficiency	-
effigy	+
effort	-
effrontery	-
egg	-
eggnog	-
eighty	-
elan	-
elbowing	-
elder	+
election	-
elector	0
electorate	+
electrician	-
electricity	-
electrification	-
electromagnetism	-
electron	-
electronics	-
element	0
eligibility	-
eliminator	0
elite	-
ellipsis	-
elusiveness	-
emaciation	-
embargo	+
embassy	+
ember	-
embodiment	-
embryo	-
embryologist	-
emcee	0
emergency	-
emeritus	+
emigrant	+
emigre	0
eminence	-
emir	+
emissary	+
emission	-
emotion	-
emperor	+
emphasis	-
empire	-
employee	+
employer	+
employment	-
emporium	-
empress	+
emptor	-
emulator	-
encephalopathy	-
enclave	+
encomium	-
encounter	-
encouragement	-
end	+
endeavour	-
endorsement	+
enema	-
enemy	+
energy	-
enforcement	-
enforcer	+
engine	-
engineer	0
engineering	-
enmity	-
enrollee	+
enrolment	-
enterprise	-
entertainment	-
enthusiasm	-
enthusiast	0
entity	-
entomologist	-
entrance	+
entranceway	+
entrant	+
entrapment	-
entrepreneur	-
entry	-
entryway	-
environment	-
environmentalist	-
environs	+
envoy	0
epaulet	-
ephedrine	-
ephemera	-
epicenter	0
epicentre	+
epidemiologist	-
epidemiology	-
epigram	-
epilepsy	-
epinephrine	-
episode	-
epithelium	-
epitome	+
eq	-
equal	-
equalization	-
equipment	-
equity	-
equivalent	+
era	-
ergonomics	-
erotica	-
error	-
escalation	-
escapade	-
escapee	+
escort	+
escrow	-
eskimo	-
essayist	-
establishment	-
estate	+
estimate	+
etching	-
ethanol	-
ether	-
ethic	-
ethicist	-
ethnocentrism	-
ethyl	-
eulogist	0
euro	-
euro1	-
europe	-
european	-
ev	-
evacuation	-
evacuee	-
evaluator	+
evangelist	+
eve	+
evening	-
event	-
evidence	+
evildoer	-
evocation	-
evolutionist	-
ex-boyfriend	+
ex-husband	+
ex-president	+
ex-wife	+
exaggeration	-
examination	-
example	+
exception	-
excess	-
exchange	-
excursion	-
excuse	-
exec	+
execution	-
executioner	0
executive	+
executor	+
exercise	-
exertion	-
exfoliation	-
exhibit	-
exhibition	-
exhibitor	-
exile	-
existence	-
exit	+
exodus	-
expanse	+
expansion	-
expansiveness	-
expatriate	-
expectation	-
expense	-
experience	-
experiment	-
experimentalism	-
experimenter	-
expert	+
explanation	+
explication	-
exploration	-
explorer	+
explosion	-
explosive	-
exponent	+
export	-
exporter	+
exposure	-
expression	-
extension	0
extensor	-
extent	-
exterminator	-
extinguishing	-
extortionist	-
extra	-
extraction	-
extradition	-
extremist	-
extremity	+
exultation	-
eye	0
eyeball	-
eyelet	-
eyesore	-
eyetooth	-
eyewitness	+
fabric	-
fabricator	+
face	0
facilitator	+
facility	-
fact	-
faction	+
factor	+
factory	0
fadeout	-
faggot	-
faille	-
failure	-
fairy	-
faith	-
fake	-
fall	-
faller	-
fallout	-
falsification	-
family	0
fan	+
fanatic	-
fantasist	-
farce	-
fare	-
fare-thee-well	-
farewell	-
farm	-
farmer	-
farming	-
fascia	-
fascist	-
fashion	-
fat	-
fate	-
father	+
father-in-law	+
fatherland	+
fatigue	-
fault	-
favor	-
favorite	+
favoritism	-
favourite	+
fax	-
fear	-
feasibility	-
feature	0
feb	-
federalism	-
federalist	-
federation	+
fee	-
feed	-
feeding	-
feeling	-
fella	-
fellow	0
fellowship	0
felon	-
fen	-
fence	-
fermion	-
ferry	-
festival	-
festoon	-
feud	-
fever	-
fiance	+
fiancee	+
fibre	-
fibroblast	-
fibrosis	-
fiddler	0
fiduciary	0
field	-
fielder	-
fiend	-
fife	-
fifth	+
fight	-
fighter	-
fighting	-
figment	-
figure	-
figurehead	+
file	-
filet	-
filing	-
fill-in	+
film	-
filmmaker	-
final	+
finale	+
finalist	+
finance	-
finances	-
financier	0
financing	-
finding	-
fine	-
finery	-
finger	-
fingerprinting	-
fingertip	-
finish	-
finn	-
fire	-
fireball	-
firefighter	-
fireplace	-
firepower	-
firing	-
firm	-
firstborn	+
fisa	-
fish	-
fisherman	-
fishing	-
fishnet	-
fission	-
fitness	-
five-hitter	-
fix	-
fixer	-
fixture	-
fjord	+
fl	-
flag	-
flame	-
flange	-
flanker	0
flare	-
flat	-
flatness	-
flavor	-
fleet	-
flesh	-
flex	-
flight	-
flint	-
flipper	-
flogging	-
flood	-
floodgate	-
flooding	-
floor	-
flophouse	-
floret	-
flour	-
flow	-
flower	-
flu	-
fluid	-
flunky	-
fluorite	-
flutter	-
flyer	-
flyweight	-
fm	-
fo	-
focus	-
foe	+
fogey	-
foil	-
folk	-
follower	+
fomenter	-
font	-
food	-
foodstuff	-
foot	0
footage	+
football	-
footballer	-
foothill	-
footing	-
footrace	-
forbear	-
force	-
forebear	+
forebrain	-
forecast	-
forecaster	-
foredeck	+
forefather	+
forefront	+
forehand	-
forehead	-
foreigner	+
foreleg	-
foreman	+
foreplay	-
forerunner	+
foreshore	-
foreskin	-
forest	-
forester	-
forewoman	+
forger	+
forget-me-not	-
forgiveness	-
forklift	-
form	-
formalization	-
format	-
formation	-
formula	-
formulation	-
forte	-
forthrightness	-
fortune	-
fortuneteller	-
forum	-
forward	-
foster	-
foul-up	-
foundation	0
founder	+
fox	-
foxhound	-
foyer	+
fractal	-
frame	-
framer	-
framework	+
franc	-
franchise	-
frank	-
frankfurt	-
frankness	-
frat	-
fraud	-
fray	-
freak	-
freedom	-
freelancer	-
freemason	-
freeware	-
frenchman	+
frenchwoman	-
frequency	-
freshman	0
friar	-
friend	+
friendship	-
fries	-
front	+
front-runner	+
frontbencher	+
frontispiece	+
fructose	-
fruit	-
frustration	-
fudge	-
fuel	-
fugitive	0
fullback	+
fun	-
function	-
functionalism	-
functionary	-
fund	-
funder	+
funding	-
fundraiser	0
funeral	-
funicular	-
furnace	-
furniture	-
fuss	-
future	-
g-string	-
gab	-
gabardine	-
gain	-
gainer	-
gala	-
gallery	-
gallon	-
gallows	-
gambler	-
game	-
gamin	-
gang	-
ganglion	-
gangsta	-
ganja	-
gap	-
garbage	-
garbageman	-
garden	-
gardener	-
garment	-
gas	-
gasohol	-
gasoline	-
gastroenterologist	-
gate	-
gatekeeper	-
gateway	-
gatherer	0
gathering	-
gaucho	-
gauze	-
gayness	-
gazillion	-
gdp	-
gear	-
gearshift	-
geisha	-
gelatine	-
gender	-
gene	-
general	0
generalist	-
generation	-
geneticist	-
genie	-
genitals	-
genocide	-
gent	-
gentleman	-
geologist	-
geomancy	-
georgian	-
german	-
germanium	-
gesture	-
ghost	-
ghrelin	-
giant	-
giblets	-
gift	-
gigantism	-
gilding	-
gilt	-
gimlet	-
ginger	-
gingersnap	-
girder	-
girl	-
girlfriend	+
gist	-
giver	+
glass	-
glasshouse	-
glimpse	-
globetrotter	-
globule	-
glomerulus	-
gloucestershire	-
glove	-
glower	-
glucocorticoid	-
glucoside	-
glut	-
glyph	-
gnatcatcher	-
go-between	+
go-cart	-
goa	-
goad	-
goal	-
goalie	+
goalkeeper	+
goaltender	+
goatherd	-
gob	-
godchild	+
godfather	+
godmother	+
godparent	+
godson	+
gold	-
golf	-
golfer	-
goliath	-
gonadotropin	-
gondolier	-
goodbye	-
goodman	-
goods	-
gook	-
goosebump	-
gorgon	-
gorse	-
gospel	-
gossip	-
goulash	-
governess	+
government	0
governor	+
gown	-
gp	-
grackle	-
grade	-
grader	0
graduate	0
graf	-
grain	-
gram	-
grammarian	-
grampus	-
gran	+
grandchild	+
granddaddy	+
granddaughter	+
grandeur	-
grandfather	+
grandma	+
grandmaster	0
grandmother	+
grandniece	+
grandpa	+
grandparent	+
grandson	+
grannie	+
grant	-
grantee	+
grappa	-
grass	-
gratification	-
grave	-
great	-
great-aunt	+
great-uncle	+
green	-
grenade	-
grid	-
grip	-
grits	-
groom	+
grotesqueness	-
grotesquerie	-
grouch	-
ground	-
groundball	-
grounds	0
group	-
groupie	+
grownup	-
growth	-
grumble	-
grumbler	-
grunt	-
gsa	-
guarantee	-
guarantor	+
guard	0
guardian	+
guardsman	+
guerilla	-
guerrilla	-
guest	+
guestworker	-
guff	-
guide	+
guidebook	-
guideline	0
guilder	-
guitarist	+
gulf	-
gumption	-
gun	-
gunfire	-
gunman	-
gunner	-
gunny	-
gunpoint	-
gunpowder	-
gur	-
guru	0
guy	-
guzzler	-
gymnast	-
gynecologist	-
habit	-
hacker	-
haemophiliac	-
haft	-
haggard	-
haggle	-
hair	-
hairdresser	-
haitian	-
hale	-
half	+
half-and-half	-
half-brother	+
half-hour	-
half-sister	+
halfback	+
halftime	-
hall	-
hallucinogen	-
halt	-
hand	-
handbook	-
handful	-
handiwork	-
handler	+
handling	-
handrail	-
handsomeness	-
handyman	-
hangar	-
hangnail	-
hangover	-
hansom	-
haplotype	-
hara-kiri	-
harangue	-
harassment	-
hardball	-
hardliner	+
hardship	-
hardwood	-
harm	-
harmonic	-
harmonizer	-
harpsichordist	0
harvest	-
harvesting	-
has-been	-
hashimoto	-
hashish	-
hat	-
hatchback	-
hater	+
haunt	-
havoc	-
hawker	-
hawking	-
haymaker	-
hdl	-
hdtv	-
head	+
heading	0
headline	-
headman	+
headmaster	+
headmistress	+
headphone	-
headquarters	+
headsman	0
headwater	-
healer	0
health	-
hearing	-
heart	0
heartbreaker	+
heartthrob	-
heat	-
heavyweight	-
heckling	-
hectare	-
hedgehog	-
hedging	-
heel	0
heifer	-
height	-
heir	+
heiress	+
helicopter	-
hell	-
hellman	-
helm	-
help	-
helper	+
helplessness	-
hematologist	-
hematology	-
hemophiliac	-
hen	-
henchman	+
herder	+
hero	-
heroin	-
heroine	+
herpes	-
herring	-
hiccup	-
hide	-
hierarchy	-
hieroglyphic	-
high	-
highflyer	-
highlight	-
highness	0
highway	-
hijacker	+
hike	-
hiker	-
hill	-
hindrance	-
hindu	-
hip	-
hippie	-
hirer	+
historian	0
history	-
hit	-
hitchhiker	-
hitman	0
hitter	+
hiv	-
hoax	-
hobby	-
hockey	-
hoe	-
hold	-
holder	-
holding	-
holdover	-
hole	-
holiday	-
holidaymaker	-
hollandaise	-
holly	-
home	-
homebody	-
homeboy	+
homebuilder	-
homeland	+
homemaker	-
homeowner	+
homer	-
homeroom	-
homesickness	-
hometown	0
homework	-
homo	-
honcho	+
honduran	0
honey	-
honeybee	-
honeymooner	-
honk	-
honker	-
honor	-
honoree	+
hook	-
hooke	-
hooker	-
hooligan	-
hoopla	-
hope	-
hopeful	-
hornbill	-
horror	-
horse	-
horseman	-
horsemanship	-
horsemeat	-
hospital	-
host	+
hostage	+
hostess	0
hostility	-
hotel	-
hotelier	0
hotspot	-
hour	-
house	-
housecleaning	-
houseguest	+
household	-
householder	0
househusband	0
housekeeper	0
housekeeping	-
housemaid	+
houseplant	-
housewife	-
housework	-
housing	-
hubby	+
hubcap	-
huckster	-
hugging	-
human	-
humanities	-
humanity	-
humanization	-
humbleness	-
humility	-
hummus	-
humor	-
humorist	-
hun	-
hunch	-
hunchback	-
hundred	-
hundredweight	-
hunger	-
hunk	-
hunt	-
hunting	-
hurdler	-
hurler	+
hurricane	-
hus	-
husband	+
hustler	-
hydra	-
hydroxyl	-
hyperglycemia	-
hypericum	-
hypertension	-
hypnotist	-
hysteric	-
ibis	-
ibuprofen	-
icao	-
ice	-
icebreaker	-
idea	-
ideal	-
identifier	+
identity	+
ideologist	-
ideologue	+
idiom	-
idol	+
idolatry	-
ignition	-
illness	-
illusion	-
illusionist	-
image	-
imam	+
imitator	+
immigrant	+
immigration	-
immunodeficiency	-
immunologist	-
immunosuppressant	-
impact	-
impasse	-
impeachment	-
imperialist	-
impersonator	+
impinging	-
implementation	0
implication	+
import	-
importance	-
importer	0
impostor	+
impresario	-
impression	-
improvement	-
imputation	-
in-law	+
inaccuracy	-
incarnation	0
incentive	+
inception	-
inch	-
incident	-
incitement	0
inciter	+
income	-
incompetency	-
inconvenience	-
incorporation	-
increase	-
incumbent	+
indebtedness	-
indecisiveness	-
independence	-
independent	-
index	-
indication	-
indicator	-
indictment	-
indigene	-
indirection	-
individual	-
individualist	-
indonesian	-
inducement	-
inductee	+
industrialist	-
industriousness	-
industry	-
ineffectiveness	-
ineligibility	-
ineptitude	-
infant	-
infantryman	-
infection	-
inferiority	-
inferno	-
infielder	0
infiltrator	+
inflation	-
influence	-
infomercial	-
informant	+
information	-
informer	+
infrastructure	-
infrequency	-
ingenue	-
ingredient	0
inhabitant	+
inhalant	-
inheritor	+
inhibition	-
initiation	-
initiative	-
injury	-
ink	-
inmate	-
inn	-
innards	0
inning	-
innkeeper	-
innovativeness	-
inoculation	0
inquirer	+
inquiry	-
inquisitor	-
insert	+
insider	+
insignia	+
inspection	-
inspector	+
instability	-
installation	0
instalment	0
instance	-
instep	-
instigator	0
institute	-
institution	-
instruction	-
instructor	+
instrument	-
insulator	-
insulin	-
insurance	-
insurer	0
insurgency	-
insurgent	0
integration	-
integrity	-
intellectual	-
intelligence	-
intelligentsia	-
intent	-
intention	-
interaction	-
interception	-
interest	-
interior	+
interlocutor	+
intermediary	+
intern	+
internationalist	-
internee	0
internet	-
internist	-
internship	-
interpreter	+
interrelationship	-
interrogator	+
interval	0
intervention	-
interview	-
interviewee	+
interviewer	+
introduction	-
intruder	+
intrusion	-
inundation	-
invader	+
invalid	-
invasion	-
inventor	+
inventory	-
investigation	-
investigator	0
investing	-
investment	-
investor	0
invitation	-
invitee	+
involvement	-
iq	0
iron	-
ironman	-
irreverence	-
ischaemia	-
island	-
islander	-
ism	-
isolationism	-
issue	-
item	-
iww	-
jackboot	-
jacket	-
jackhammer	-
jackpot	-
jade	-
jail	-
jailbird	-
jailer	0
jalapeno	-
janitor	-
japanese	-
jasmine	-
jaunt	-
jazz	-
jealousy	-
jeep	-
jeering	-
jehad	-
jelly	-
jellyroll	-
jet	-
jeweler	-
jeweller	-
jewelry	-
ji	-
jillion	-
jink	-
jinks	-
jinx	-
jnr	-
job	-
jock	-
jockey	-
jogger	-
jointer	-
joke	-
joker	-
jokester	-
journal	-
journalist	0
journey	-
journeyman	-
joust	-
joyride	-
jubilation	-
judge	0
judgment	-
judiciary	0
juice	-
jumble	-
jump	-
jumper	-
junction	-
junior	+
junk	-
junkie	-
jurist	-
juror	+
jury	0
justice	-
kaiser	+
kameez	-
kampuchea	-
kava	-
kb	-
keeper	+
kennel	-
kent	-
keratin	-
ketchup	-
key	0
keypad	-
kick	-
kickback	-
kicker	0
kid	0
kidd	-
kidnapper	0
kidnapping	-
killer	+
killing	-
kilobit	-
kilogram	-
kiloliter	-
kilometer	-
kilometre	-
kin	+
kind	-
kindergartener	-
kindling	-
kindred	+
king	+
kingdom	+
kingmaker	-
kingpin	+
kink	-
kinship	-
kiss	-
kit	-
kitchen	-
kitsch	-
km	-
km/h	-
knee	-
kneel	-
kneepad	-
knife	-
knight	-
knock	-
knocker	-
knothole	-
know-it-all	-
knowledge	-
koan	-
kobo	-
kook	-
kopeck	-
korea	-
kosher	-
kph	-
kraft	-
krill	-
kudzu	-
kurd	-
kuru	-
kyrgyzstan	-
lab	-
label	-
labeling	-
labelling	-
labor	-
laboratory	-
labour	-
labourer	-
lacewing	-
lack	-
lad	-
ladder	-
lady	-
lair	-
lake	-
lambskin	-
lamp	-
lamprey	-
lance	-
land	-
landing	-
landlady	+
landlord	+
landmark	-
landowner	0
landscape	-
landslide	-
language	-
lanolin	-
lap	-
laparoscope	-
lard	-
larder	-
larus	-
lasix	-
last	+
lather	-
latte	-
laugh	-
launch	-
launcher	0
launching	-
launchpad	-
laundering	-
laundry	-
laureate	+
lava	-
law	-
lawmaker	-
lawman	-
lawsuit	0
lawyer	-
layer	-
layman	-
layoff	-
layup	-
lea	-
lead	0
leader	+
leadership	-
league	-
leak	-
leaning	-
learner	0
leather	-
leaven	-
leaving	-
lecher	-
lector	0
lecturer	0
leek	-
left	+
left-hander	-
left-winger	-
lefthander	-
leftist	-
lefty	-
leg	0
legacy	+
legend	-
legionnaire	-
legislation	-
legislator	0
legislature	-
legitimation	-
leitmotif	-
lemma	-
lemur	-
lender	+
lending	-
length	-
lenience	-
lesbian	-
lesbianism	-
lesson	-
letter	-
level	-
leviathan	-
lf	-
liability	+
liaison	-
liberal	-
liberator	+
libertarian	-
liberty	-
libido	-
librarian	-
library	-
librettist	-
license	-
licensee	+
lichen	-
lichtenstein	-
lie	-
lieutenant	0
life	-
lifeguard	0
lifespan	+
lifestyle	-
lifetime	-
lift	-
lifter	0
ligand	-
light	-
likeliness	-
lilt	-
limit	+
linage	-
linchpin	+
line	-
line-up	0
linebacker	+
lineman	+
linemate	+
linesman	-
lineup	-
lingerie	-
linguist	-
link	-
linseed	-
lion	-
lip	0
liposome	-
liquidator	-
liriope	-
list	-
listener	+
listing	-
listlessness	-
lit	-
litchi	-
literati	+
litigant	+
litigator	0
liturgy	-
liveliness	-
livery	-
living	-
loader	0
loan	-
lobby	+
lobbyist	0
lobster	-
local	+
location	-
locker	-
locksmith	-
lodge	-
log	-
logger	-
loincloth	-
londoner	-
longevity	-
longueur	-
look	-
look-alike	+
loop	-
looper	-
loosestrife	-
looter	-
lopper	-
lord	+
lore	0
loser	0
loss	-
lot	-
loupe	-
love	-
lover	+
low	-
loyalist	+
luau	-
lubrication	-
luck	-
luger	-
lumbering	-
luminary	+
lunch	-
lung	-
lunkhead	-
lurch	-
lutein	-
luxury	-
lynchpin	+
lyricist	0
lysin	-
m	-
ma	+
macaque	-
machine	-
machinist	-
mackerel	-
macrophage	-
madam	-
madcap	-
madonna	-
maestro	0
magazine	-
magic	-
magician	-
magistracy	-
magistrate	0
maglev	-
magnate	-
magnifier	-
magus	-
maid	0
maiden	-
mail	-
mailer	0
mainland	-
mainstay	0
mainstream	-
maintenance	-
major	0
majority	0
maker	+
makeup	-
malachite	-
malady	-
malathion	-
malay	-
malcontent	-
male	-
malfeasance	+
mall	-
mallard	-
malleability	-
mama	+
mamba	-
mamma	+
mammography	-
man	-
management	-
manager	+
mandate	-
manicure	-
manifold	-
mankind	-
mannequin	-
manner	-
mannerism	-
manners	-
manor	+
manpad	-
manpower	-
manual	-
manufacturer	0
manufacturing	-
manuscript	-
manzanita	-
map	0
mapper	-
marathoner	-
marauder	-
marble	-
march	-
marcher	-
marchioness	+
margarita	-
margin	+
marigold	-
marijuana	-
marinade	-
marinara	-
marine	-
mariner	-
marionette	-
mark	-
market	-
marketing	-
marksman	-
marlin	-
marmoset	-
marquess	+
marriage	-
marshal	+
marshall	+
martinet	+
martyr	+
mary	-
mascot	+
maser	-
mask	-
mason	-
mass	-
massacre	-
masseur	0
masseuse	0
master	+
mastermind	0
mastery	-
matador	-
match	-
matchmaker	+
mate	+
mater	+
material	-
mathematician	-
matriarch	+
matron	0
matter	-
matzo	-
maven	+
max	0
maxi	-
maximum	+
maxwell	-
mayor	+
mc	-
md	-
meal	-
meaning	-
means	-
measure	-
measurement	-
meat	-
mechanic	-
mechanism	-
mechanization	-
medal	-
medalist	0
medallist	-
median	+
mediator	+
medic	-
medical	-
medication	-
medicine	-
medium	-
meeting	-
megabyte	-
megahit	-
melee	-
member	+
membership	-
memo	-
memorabilia	0
memorial	+
memorization	-
memory	-
men	-
menopause	-
menorah	-
mention	-
mentor	+
merchandising	-
merchant	-
merger	-
meritocracy	-
merrymaker	-
mess	-
message	-
messaging	-
messenger	+
metabolite	-
metal	-
metalhead	-
metalwork	-
metalworker	-
meteorologist	-
meter	-
methamphetamine	-
methicillin	-
method	-
methotrexate	-
metropolitan	-
mettle	-
mezzo-soprano	-
microbiologist	-
microgram	-
midday	-
middle	+
middleman	+
midfielder	+
midnight	-
midsection	+
midshipman	-
midst	+
midstream	-
midway	-
midwife	0
migrant	0
mike	-
milage	-
mile	-
militant	-
militarist	-
military	-
militia	0
militiaman	-
milk	-
milligram	-
million	-
millionaire	-
min	-
minaret	-
mind	-
minder	+
mine	-
miner	-
mini-review	-
minicar	-
minimum	-
mining	-
minion	+
minister	+
ministry	-
mink	-
minnow	-
minor	-
minority	0
minus	-
minute	-
minx	-
mire	-
misbehavior	-
miscegenation	-
miscreant	-
miscue	-
misdeed	-
misery	-
misplay	-
misrepresentation	-
missile	-
mission	-
missionary	0
misspelling	-
missus	+
mistake	-
mistress	+
mitigation	-
mix	0
mix-up	-
mixer	-
mixture	-
mm	-
mob	-
mobster	-
mode	-
model	0
modeling	-
moderate	-
moderator	+
modernism	-
mogul	+
molasses	-
moldova	-
molotov	-
mom	+
moment	-
momentum	-
momma	+
mommy	+
monarch	+
monarchist	-
monarchy	0
monasticism	-
money	-
moneybag	-
monger	-
monitor	-
monitoring	-
monk	-
monocle	-
monogamy	-
monolith	-
monopoly	-
monstrosity	-
montanan	-
month	-
mood	-
moodiness	-
moody	-
moonshine	-
moralism	-
moralizing	-
morass	-
morel	-
mormon	-
morning	-
mortality	-
mortgage	-
mortician	-
moshav	-
mosque	-
mosquito	-
motel	-
mother	+
mother-in-law	+
motif	-
motion	-
motive	-
motor	-
motorcoach	-
motorcyclist	-
motorist	-
motormouth	-
mound	-
mountain	-
mountaineer	-
mourner	+
mourning	-
mousse	-
mouth	0
mouthpiece	+
move	-
movement	-
mover	+
movie	-
moviegoer	0
mp	-
mph	-
muezzin	0
mufti	-
mug	-
mujahadeen	-
mulla	-
mullah	-
multiculturalism	-
multimedia	-
mum	+
mumbling	-
mummy	-
mumps	-
municipality	-
muralist	-
murder	-
murderess	0
muscle	-
muscovite	-
musculature	0
museum	-
music	-
musician	-
musicianship	-
musicologist	-
musketeer	-
muskmelon	-
mussel	-
mutation	-
mutineer	+
mvp	+
myanmar	-
myasthenia	-
mycobacterium	-
myna	-
myocarditis	-
myoglobin	-
myriad	-
mystery	-
mystification	-
nafta	-
nag	-
naga	-
naif	-
name	+
namesake	+
naming	-
nan	-
napoleon	-
narcissism	-
narration	-
narrator	+
narrowness	-
nation	-
national	-
nationalisation	-
nationalist	-
native	+
nato	-
naturalist	-
nature	-
navajo	-
navigation	-
navigator	0
navy	-
naysayer	-
nazi	-
nazism	-
nec	-
neck	0
necktie	-
nectar	-
need	-
needlefish	-
negative	-
negligee	-
negotiation	-
negotiator	+
negro	-
neighbor	+
neighborhood	0
neighbour	+
nemesis	+
neoclassicism	-
neocon	-
neoconservative	-
neon	-
nepa	-
nephew	+
nerve	-
nervousness	-
net	-
netminder	-
nettle	-
network	-
neurologist	0
neuron	-
neuropathy	-
neuroscientist	-
neurosurgeon	-
neurosurgery	-
neutrophil	-
newborn	-
newcomer	+
newlywed	-
news	-
newsagent	0
newscaster	0
newsletter	-
newsman	-
newspaper	-
newspaperman	-
newswoman	0
ni	-
nicaraguan	-
niece	+
night	-
nightclub	-
nightie	-
nightmare	-
nightshade	-
nimby	-
ninety	-
nirvana	-
nitty-gritty	-
nmr	-
no-show	-
no.	0
noah	-
nobody	-
noc	-
noise	-
nomad	-
nomination	0
nominee	+
non-issue	-
nonchalance	-
noncitizen	-
noncombatant	-
none	+
nonintervention	-
nonmember	+
nonpayment	-
noon	-
norm	-
north	+
northeast	+
northerner	+
nose	-
nostril	-
notable	-
notch	-
note	-
nothing	-
notice	-
notion	-
novel	-
novelist	-
nrc	-
nsaid	-
nucleus	-
nuisance	-
number	-
numbering	-
nun	-
nuncio	+
nurse	0
nutria	-
nymphet	-
o'keeffe	-
oar	-
oarsman	0
oath	+
obit	-
object	-
objectification	-
objection	-
objective	0
obligation	-
oblivion	-
obscenity	-
observation	-
observer	+
obsessiveness	-
obstacle	-
obstetrician	-
obstinance	-
obstruction	+
obviousness	-
occasion	-
occupant	+
occupation	-
occupier	+
ocean	-
octogenarian	-
oculus	-
odds	-
oddsmaker	-
offense	-
offensive	-
offer	-
offering	-
office	-
officeholder	-
officer	+
official	+
offseason	-
offshoot	+
offspring	+
ogler	-
oil	-
oilman	-
oilwell	-
old-timer	-
oldtimer	-
oligarch	+
olive	-
olympian	-
ombudsman	-
omen	0
omeprazole	-
oncologist	-
one	0
one-and-one	-
one-hitter	-
one-quarter	-
one-sixteenth	-
one-third	-
one-thousandth	0
onlooker	+
opener	0
opening	0
opera	-
operation	-
operative	0
operator	-
operetta	-
ophthalmologist	-
ophthalmology	-
opinion	-
opossum	-
opponent	+
opportunist	-
opportunity	-
opposite	+
opposition	0
oppressor	+
optimism	-
optimist	-
option	-
optometrist	-
opulence	-
orator	-
orchestration	-
orchid	-
order	-
organ	-
organisation	-
organiser	+
organist	-
organization	-
organizer	+
orientation	-
origin	+
originality	-
originator	+
ornithologist	-
orthodontist	-
orthodoxy	-
orthopedist	-
oscar	0
oscillation	-
osmium	-
ouija	-
ounce	-
ouster	-
ousting	-
outbreak	-
outbuilding	0
outcast	+
outcome	-
outdoors	-
outfielder	0
outfit	-
outgo	-
outgrowth	-
outlay	-
outlet	-
outlier	-
outline	+
outlook	-
output	-
outrageousness	-
outsider	+
outskirts	+
oven	-
over	-
overabundance	-
overachiever	-
overhead	-
overheating	-
overlay	-
overpass	-
overpopulation	-
overrun	-
overseer	+
oversight	-
oversupply	-
overtime	-
owner	+
ownership	-
ox	-
oxalate	-
oxcart	-
ozone	-
p	-
pa	+
pablum	-
pace	-
pacemaker	-
pacer	-
pack	-
package	-
packaging	-
packer	-
packet	-
packing	-
pact	-
pad	-
paddler	-
page	0
pager	0
paging	-
pain	-
paint	-
painter	-
painting	0
pair	-
paisa	-
pal	+
palace	0
palatability	-
pale	-
paleontologist	-
pall	-
palladium	-
pallet	-
palm	-
pan	-
panacea	+
pane	-
panel	-
paneling	-
panelist	+
panhandle	0
panhandler	-
panic	-
pansy	-
pant	-
panther	-
panzer	-
pap	-
papa	+
paper	-
paperboard	-
papers	-
pappa	+
par	-
parachuter	-
parachutist	-
parade	-
paragon	+
paragraph	-
paraguay	-
parakeet	-
paralegal	-
parallax	+
parallel	-
paramedic	-
paramour	+
parang	-
paranoid	-
paraphernalia	-
paraplegic	-
paratrooper	-
pardner	+
parent	+
parenthesis	-
parfait	-
parimutuel	-
parish	-
parishioner	+
park	-
parking	-
parliament	0
parliamentarian	-
parodist	0
parody	+
parr	-
parsing	-
part	-
part-owner	+
part-timer	-
participant	+
participation	-
partisan	+
partisanship	-
partner	+
partnership	-
party	-
partygoer	0
pashtun	-
pass	-
passage	0
passenger	+
passer	-
passer-by	+
passerby	+
passion	-
passive	-
passport	-
past	-
pastor	0
patching	-
patent	0
paterfamilias	+
path	-
pathogen	-
pathologist	-
patient	+
patriarch	+
patriarchate	+
patrician	0
patrimony	+
patriot	0
patriotism	-
patrol	-
patrolman	-
patron	+
patroness	+
pattern	-
pavilion	-
pay	-
payment	-
payroll	-
pc	-
pct	-
pe	-
peace	-
peacekeeper	+
peacekeeping	-
peacock	-
peak	+
pearl	-
peat	-
pediatrician	0
pediatrics	-
pedigree	+
peep	-
peephole	-
peer	+
pelting	-
pelvis	-
penalty	-
penchant	-
pencil	-
pendulum	-
peninsula	+
penis	-
penny	-
pension	0
pentathlon	-
penury	-
people	-
pepper	-
pepsi	-
perambulation	-
percent	-
percentage	-
perception	-
percussionist	0
perfomer	0
performance	-
performer	0
peril	-
period	-
perjury	-
permanency	-
permission	-
permit	0
peroxide	-
perpetrator	+
perquisite	+
persecutor	0
perseverance	-
pershing	-
person	-
personality	-
personhood	-
personification	-
personnel	+
perspective	0
pervasiveness	-
pesantren	-
peso	-
pest	-
pesticide	-
pet	+
petal	0
peter	-
petition	-
petitioner	0
pflp-gc	-
phalarope	-
phantasmagoria	-
pharaoh	+
pharmacist	0
phase	-
phd	-
phenomenon	-
phi	-
phial	-
philanthropist	-
philatelist	-
philip	-
philosopher	-
philosophy	-
phone	-
photo	-
photoelectron	-
photograph	0
photographer	-
photojournalist	-
photolithography	-
phrase	-
physician	0
physicist	0
physiologist	-
physiology	-
physiotherapist	-
pianist	0
pick	-
picking	-
pickings	-
pickup	-
pictograph	-
pictorial	-
picture	-
piece	0
pied-a-terre	-
pigeon	-
piggery	-
pigtail	-
pile	-
pilgrim	-
piling	-
pill	-
pilot	0
pilotage	-
pimiento	-
pine	-
pinger	-
pink	-
pinkness	-
pint	-
pioneer	+
pipe	-
pipeline	-
piper	0
piranha	-
pistol	-
pit	-
pitch	-
pitcher	+
pitchfork	-
pitchwoman	0
pizza	-
place	-
placenta	-
plague	-
plaintiff	+
plan	-
plane	-
planet	-
plank	-
planner	-
planning	-
plant	-
plasma	-
plastic	-
plasticine	-
plate	-
platform	-
play	-
playboy	-
player	+
playhouse	-
playing	-
playmaker	-
playmate	+
playoff	-
playpen	-
playwright	0
plea	-
plebiscite	-
pledge	-
plenipotentiary	-
plenty	-
plethora	-
plexiglass	-
plod	-
plot	-
plowing	-
plumber	-
plummet	-
plural	-
po	-
poacher	0
pocket	-
podiatry	-
poem	-
poet	-
poinsettia	-
point	-
pointer	-
pointlessness	-
poker	-
pokey	-
pol	-
pole	-
polemic	-
police	-
policeman	-
policewoman	-
policy	-
policyholder	-
politician	-
politics	-
poll	-
pollard	-
pollster	-
polluter	-
pollution	-
polonaise	-
polychrome	-
polygamist	-
polymath	-
polyphony	-
polytheist	-
pontiff	0
poof	-
pool	-
pop	-
pope	+
popularity	-
popularization	-
population	0
populist	-
porridge	-
port	-
portent	-
porterhouse	-
portfolio	+
portion	-
portrait	0
portrayal	+
portrayer	+
portuguese	-
position	-
positivity	-
possession	-
possessor	+
possibility	-
post	-
post-presidency	-
poster	-
postman	-
postmaster	-
postmistress	0
posture	-
pot	-
potato	-
potbelly	-
potential	-
pothole	-
potter	-
poultry	-
pound	-
poussin	-
poverty	-
powder	-
power	-
powerbroker	-
ppp	-
practicability	-
practice	-
practitioner	0
pragmatist	-
praise	-
prankster	-
prayer	-
pre-emption	-
preacher	0
preamble	+
precariousness	-
precipitate	-
predecessor	+
prediction	-
predisposition	-
prefect	+
preference	-
pregnancy	-
prejudgment	0
prelate	-
prelim	+
premier	+
premium	-
preoccupation	-
preparation	-
preschooler	-
prescription	-
presence	-
presentation	-
presenter	0
presidency	-
president	+
press	-
pressure	-
pretend	-
pretender	+
prevention	-
preview	-
price	0
prick	-
pride	-
priest	-
primate	-
primitive	-
primo	0
prince	+
princess	+
principal	+
principality	0
principle	-
print	-
priority	+
prison	-
prisoner	-
privacy	-
private	0
privation	-
privatization	-
prize	+
pro	0
probe	-
problem	-
proboscis	-
procedure	-
proceedings	+
process	-
processing	-
processor	-
proclivity	-
proconsul	-
proctor	+
prodding	-
prodigy	-
producer	+
product	0
production	-
professional	-
professionalization	-
professor	0
profile	+
profit	-
profiteer	0
profligate	-
progeny	+
prognosticator	-
program	0
programme	-
programming	-
progress	-
progressivity	-
prohibitionist	-
project	-
prologue	-
promise	-
promoter	+
promotion	-
prompting	-
prong	+
proof	-
propagation	-
propensity	-
property	-
prophet	-
proponent	+
proportion	-
proposal	-
proprietor	+
prorogation	-
proscenium	-
prosecution	-
prosecutor	+
prospect	+
prospector	-
prosperity	-
prostate	-
prosthesis	-
prostitute	-
prostitution	-
protagonist	+
protection	-
protector	+
protege	+
protegee	+
protein	-
protest	-
protestation	-
protester	+
provider	+
province	+
provision	-
provocateur	-
provost	+
psa	-
psyche	-
psychiatrist	0
psychologist	-
psychosis	-
psychotherapist	0
pto	-
ptsd	-
pu	-
public	-
public-relation	-
publication	-
publicist	0
publicity	-
publisher	0
puddle	-
puff	-
pulchritude	-
pull-up	-
pulley	-
pullman	-
punch-up	-
pundit	-
punishment	-
punter	+
purchase	-
purchaser	0
purine	-
purist	-
puritanism	-
purple	-
purpose	-
purser	-
pursuance	-
pursuer	+
pursuit	-
purveyor	0
push	-
pushiness	-
pushover	-
puss	-
pussy	-
pustule	-
putin	-
putt	-
putter	-
quackery	-
quad	-
quadriplegic	-
quadruplet	+
quail	-
quake	-
qualifier	0
quality	0
quandary	-
quandry	-
quantum	-
quarantine	-
quarter	0
quarter-century	-
quarterback	+
quarterdeck	-
quarterfinal	-
quartermaster	0
queen	+
query	-
quest	-
question	-
questioner	+
questionnaire	-
quibble	-
quickie	-
quiescence	-
quint	-
quintuplet	0
quota	-
quotient	0
r	-
ra	-
rabbi	0
raccoon	-
race	-
racing	-
racist	-
racketeering	-
raconteur	-
radar	-
radicchio	-
radio	-
radiologist	-
raid	0
raider	0
rail	-
railroad	-
railway	-
rain	-
raincoat	-
rainwater	-
raiser	+
raising	-
rajah	+
rally	-
rand	-
range	-
ranger	-
rank	-
ranking	-
ranting	-
rape	-
rapist	+
rapper	-
rapport	-
rapporteur	0
ratatouille	-
ratchet	-
rate	-
rating	-
ratio	-
raver	-
razzle-dazzle	-
rb	-
re-upping	-
reach	-
reaction	-
reactor	-
reader	0
readiness	-
reading	-
readout	-
reality	-
reason	-
reasonableness	-
rebate	-
rebel	0
rebellion	-
rebound	-
receiver	+
reception	-
receptionist	-
recession	-
recipe	-
recklessness	-
reckoning	-
reclassification	-
recliner	-
recognition	-
recommendation	-
reconciliation	-
reconstruction	-
record	-
record-breaker	+
record-holder	+
recorder	-
recording	-
recovery	-
recruit	+
recruiter	0
rectangle	-
rector	+
recycling	-
red	-
redeemer	-
redskin	-
reduction	-
redwood	-
reevaluation	-
reexamination	-
referee	-
reference	0
referendum	-
referral	-
refiner	-
refinery	-
reflectivity	-
reflex	-
reform	-
refreshment	-
refugee	+
refusal	-
refuse	-
regard	-
regent	+
regime	-
regiment	-
region	0
registrar	0
registration	-
regular	-
regularization	-
regulation	-
regulator	0
rehearing	+
reincarnation	-
reindeer	-
relation	-
relationship	-
relative	+
release	-
relegation	-
relevance	-
relief	-
reliever	+
religion	-
reliquary	-
reluctance	-
remainder	+
remains	+
remake	0
remand	-
remark	-
remedy	-
reminder	-
remnant	+
remoteness	-
removal	-
rendering	-
renter	+
rep	+
repair	-
repairman	-
reparation	-
repayment	-
repeat	-
repellant	0
repertoire	+
replacement	+
replica	+
report	-
reporter	0
repository	-
representative	+
reprinting	-
republic	-
republican	-
repulsiveness	-
reputation	+
request	+
requester	0
requirement	-
rescue	-
rescuer	+
research	-
researcher	0
reservation	0
reserve	-
reservist	-
residence	-
resident	+
resignation	-
resin	-
resistance	+
resister	0
resolution	+
resolve	-
resonance	-
resort	-
resource	-
respect	-
respecter	+
respondent	+
responder	+
response	+
responsibility	-
rest	-
restaurant	-
restaurateur	+
restriction	-
restroom	-
result	+
resumption	-
resurrection	-
retailer	-
retaliation	-
retention	-
retinol	-
retirement	-
retriever	0
return	-
rev	-
reveler	-
revenge	-
revenue	-
reverence	-
reverend	0
reveue	-
review	+
reviewer	+
revision	0
revisionist	-
revivalist	-
revolution	-
reward	+
rewording	-
rex	+
rhetoric	-
rheumatologist	-
riband	-
rice	-
richness	-
rickets	-
rickrack	-
ride	-
rider	+
riff	-
rifle	-
right	-
right-hander	-
right-winger	0
righthander	-
rightist	-
ring	-
ringer	-
ringgit	-
ringleader	+
ringmaster	0
riot	-
rioter	-
ripeness	-
rise	-
risk	-
rite	-
rival	+
river	-
rn	-
roach	-
road	-
roadblock	-
roadwork	-
robber	0
robbery	-
robot	-
rock	-
rocker	-
rocket	-
role	-
roll	-
roll-on	-
roller	-
romance	-
romantic	-
romp	-
romper	-
roof	-
roofer	-
rookie	+
room	-
roommate	+
root	0
rope-a-dope	-
roping	-
rosary	-
rosebush	-
roster	-
rot	-
rouble	-
roughneck	-
round	-
roundworm	-
route	-
rover	-
row	-
rowboat	-
rower	-
rowing	-
royalist	0
rubber	-
ruhr	-
rule	-
ruler	+
ruling	-
ruminant	-
rumor	-
rumormonger	-
run	-
run-in	-
runner	-
runner-up	+
runoff	0
runway	-
rupiah	-
ruse	-
rush	-
rusher	+
rushmore	-
rustler	-
rustling	-
rutabaga	-
rutile	-
s	-
sabertooth	-
sable	-
sacrifice	+
saddlebag	-
sadness	-
safety	-
sagacity	-
sagittarius	-
sahara	-
saint	-
saintliness	-
sake	-
salaam	-
salary	-
sale	-
salesclerk	0
salesman	0
salesperson	0
saleswoman	0
saloon	-
salsify	-
salt	-
saltine	-
salvadoran	-
sameness	-
samovar	-
sample	-
sanctimoniousness	-
sanction	-
sand	-
sandal	-
sandwich	-
sang-froid	-
sangoma	-
sapper	-
sapphire	-
sarcasm	-
satchel	-
satellite	-
satirist	-
satrap	+
sauce	-
sausage	-
saver	0
savings	-
savior	+
saviour	+
saxophonist	0
saying	-
sba	-
scab	-
scaffolding	-
scale	-
scaling	-
scandal	-
scapegoat	+
scapula	-
scenario	-
scene	-
scepter	-
schedule	-
scheme	-
schemer	-
schizophrenic	-
schlock	-
schmooze-fest	-
schnapps	-
scholar	0
scholarship	0
school	-
schoolmate	+
schoolteacher	-
science	-
scientist	-
scion	0
scolding	-
scope	-
score	-
scorer	0
scoring	-
scorpio	-
scot	-
scotch	-
scott	-
scoundrel	-
scourge	-
scout	+
scoutmaster	+
scrap	-
scrapple	-
screech	-
screen	-
screener	-
screenwriter	0
screw	-
scribe	-
script	-
scrubland	-
scruff	-
scrutiny	-
scuffle	-
sculptor	-
scurvy	-
sea	-
sealer	-
seaman	-
seamstress	-
seaport	-
search	-
seashore	-
season	-
seat	-
seatmate	+
secessionist	-
seclusion	-
second	0
second-in-command	+
second-quarter	+
second-stringer	+
secondary	-
secrecy	-
secret	-
secretariat	-
secretary	+
secretary-general	+
sectarian	-
section	+
sector	+
secularist	0
security	-
sedan	-
seductress	+
seed	-
seepage	-
segment	+
segregationist	-
seismologist	-
selection	-
selenium	-
self	-
self-absorption	-
self-analysing	-
self-analysis	-
self-assertion	-
self-centeredness	-
self-contradiction	-
self-effacement	-
self-gratification	-
self-help	-
self-hypnosis	-
self-portrait	-
self-regard	-
self-rule	-
self-worth	+
seller	0
selling	-
semaphore	-
semen	-
semiautomatic	-
semifinal	-
semifinalist	+
seminar	-
senate	-
senator	+
senior	+
sensationalism	-
sense	-
sent	-
sentence	-
sentiment	-
sentimentalism	-
sentimentality	-
separatist	-
sepia	-
sepsis	-
sequoia	-
serb	+
serenity	-
sergeant	-
serialization	-
series	-
serology	-
servant	+
service	-
serviceman	-
session	-
set	-
set-back	-
setback	-
setting	-
settlement	-
settler	0
seventy	-
severity	-
sex	-
sextuplet	+
shadiness	-
shadow	+
shah	+
shakespeare	-
shaman	-
shantytown	-
shape	-
shard	+
share	0
shareholder	+
shareholding	-
sharer	+
sharpshooter	-
sharpy	-
sheet	-
sheik	-
sheikh	+
shelf	-
shell	-
shelling	-
shelter	-
shepherd	0
shepherdess	-
sherpa	+
sherry	-
shiatsu	-
shift	-
shiitake	-
shindig	-
ship	-
shipbuilder	-
shipment	-
shipowner	-
shipping	-
shipyard	-
shirt	-
shock	-
shoe	-
shoestring	-
shooting	-
shootout	-
shop	-
shopkeeper	-
shopper	-
shopping	-
shore	-
shortage	-
shortcut	-
shortsightedness	-
shortstop	0
shot	-
shoulder	-
shouting	-
show	-
shower	-
showman	-
showplace	-
showroom	-
shrapnel	-
shrewdness	-
shrift	-
shrine	-
shroud	-
shutterbug	-
shuttle	-
sibling	+
sickbed	-
sickness	-
side	+
sidebar	+
sideburn	-
sidekick	+
sideline	-
siege	-
sight	-
sightseeing	-
sign	-
signal	0
signatory	+
signature	+
signer	+
significance	-
signifier	+
signing	-
sikh	-
silence	-
silencer	-
silkworm	-
silver	-
simmer	-
simon	-
simplicity	-
simulator	-
sinfulness	-
singaporean	-
singer	0
singing	-
single-mindedness	-
singles	-
sinner	-
sinus	-
sir	-
sister	+
sister-in-law	+
sisterhood	-
site	-
situation	-
size	-
skateboarder	-
skater	-
skeptic	-
ski	-
skier	-
skill	-
skin	0
skipper	+
skittishness	-
skivvy	-
skulduggery	-
skullcap	-
sky	-
skyway	-
slalom	-
slapper	-
slat	-
slayer	+
sleeping	-
sleepover	-
sleigh	-
slew	-
slide	-
slip	-
slipcover	-
slipperiness	-
slipstream	-
sliver	+
slogan	+
sloop	-
slot	-
slough	-
slowdown	-
slugger	-
slump	-
small-arm	-
small-business	-
smart	-
smartness	-
smasher	-
smear	-
smile	-
smock	-
smoke	-
smoking	-
smooching	-
smuggler	0
smuggling	-
sn	-
snag	-
sneak	-
sneer	-
sneeze	-
snippet	+
snitch	-
snob	-
snook	-
snort	-
snout	-
snow	-
snowboard	-
snowboarder	-
snowboarding	-
snowdrift	-
snowman	-
snp	-
snuff	-
so-and-so	-
soap	-
sobriquet	+
soccer	-
socialist	-
socialite	-
society	-
sociologist	-
socket	0
sod	-
sodium	-
sodom	-
sodomite	-
software	-
soil	-
sojourner	+
soldier	-
solemnity	-
solicitor	0
solitude	-
solo	-
soloist	-
solution	+
solver	-
somebody	-
someone	-
sommelier	0
son	+
son-in-law	+
song	-
songbook	-
songwriting	-
soon-to-be-ex-husband	+
sooner	-
sophistry	-
sophomore	0
soprano	-
sorbet	-
sorcerer	-
sort	-
soul	-
soul-searching	-
sound	-
soupcon	-
source	+
sourness	-
south	+
southeast	+
southerner	+
southward	-
southwest	+
sovereign	+
sovereignty	-
soybean	-
space	-
spammer	-
spaniard	+
spaniel	-
spanking	-
spare	0
spareness	-
spark	-
spartan	+
spate	-
speaker	0
spearhead	-
specialist	0
species	+
specifics	-
specimen	+
speckle	-
spectator	0
spectrograph	-
speculation	-
speculator	-
speech	-
speechwriter	0
speed	-
speedboat	-
speedup	-
speedway	-
spell-checker	-
spender	-
spending	-
spendthrift	-
spf	-
sphere	-
spice	-
spill	-
spine	0
spinner	-
spirit	-
spiritedness	-
spite	-
splicing	-
split	-
splotch	-
spoil	-
spoiler	-
spokesman	+
spokesperson	+
spokeswoman	+
sponge	-
sponsor	+
spool	-
sporozoite	-
sport	-
sportscaster	-
sportsman	-
sportswriter	0
spot	-
spotter	+
spouse	+
spray	-
spread	-
spring	-
sprinter	-
sprocket	-
spud	-
spurt	-
spy	0
squad	-
squall	-
square	-
squatter	-
squeegee	-
squib	-
squid	-
ssri	-
stability	-
stabilizer	0
stadium	-
stadium-mall	-
staff	+
staffer	+
stage	-
stager	0
stain	-
staining	-
stake	-
stakeholder	+
stalemate	-
stalker	+
stallion	-
stalwart	+
stamen	-
stamp	-
stance	-
stand	0
stand-in	+
stand-off	-
standard	-
standard-bearer	+
standardisation	-
stander	-
standing	-
standoff	-
stanza	-
staphylococcus	-
star	0
starboard	-
stardom	-
start	+
starter	-
state	0
statement	-
statesman	+
statesmanship	-
station	-
stationwagon	-
statistician	-
statistics	-
statuary	-
statue	0
statuette	0
stature	-
status	-
stavanger	-
stay	-
stealer	0
steamer	-
steamship	-
stearin	-
steel	-
steelmaker	-
steelworker	-
stem	0
step	-
stepbrother	+
stepchild	+
stepdad	+
stepdaughter	+
stepfather	+
stepmom	+
stepmother	+
stepparent	+
stepsister	+
stepson	+
steward	0
stewardess	0
stick	-
stickball	-
stickler	-
stiffening	-
stigmatization	-
still	-
stilt	-
stirrup	-
stock	-
stockbroker	-
stockholder	+
stocking	-
stogie	-
stomach	-
stone	-
stonecutter	-
stooge	+
stool	-
stop	-
stoplight	-
storage	-
store	-
storekeeper	0
storey	0
storm	-
story	-
storyteller	0
stowaway	-
straggler	0
strain	-
stranger	+
strategist	0
strategy	-
straw	-
streak	-
streaker	-
stream	-
streamer	-
street	-
strength	-
stress	-
stretch	-
stride	-
strider	-
strike	-
strikeout	-
striker	-
string	-
strip	0
striptease	-
striver	-
stroke	-
stronghold	-
strongman	-
strongman-style	-
structure	0
struggle	-
struggler	0
stub	0
stubble	-
student	0
studio	-
study	-
stuff	-
stuffer	-
stunner	-
sturgeon	-
style	-
stylist	-
subcommittee	+
subconscious	-
subdivision	+
subgroup	+
subject	-
submarine	-
submariner	-
subordinate	+
subscriber	+
subscription	-
subservience	-
subsidiary	+
subsidy	0
subsistence	-
substance	-
substitute	+
subsystem	+
subtext	+
subtlety	-
suburb	0
suburbanite	-
subway	-
success	-
succession	-
successor	+
succotash	-
sucker	-
sufferer	+
suffering	-
sugar	-
suggestion	-
suicide	-
suit	-
suitability	-
suitcase	-
suitor	+
sultan	+
sultanate	-
sum	-
summation	-
summer	-
summit	0
sun	-
sunbeam	-
sundae	-
sunday	-
sundial	-
sundress	-
sunlight	-
sunroom	-
sunup	-
superconductivity	-
superintendent	+
superior	+
supermarket	-
supermodel	-
superpower	-
superstar	-
supersymmetry	-
supervisor	+
supper	-
supplier	+
supply	-
support	-
supporter	+
supporting	-
supremacist	-
supremo	-
sureness	-
surety	+
surf	-
surface	+
surfer	-
surge	-
surgeon	0
surgery	-
surliness	-
surplus	-
surprise	-
surrender	-
surrogate	+
surtax	0
surveillance	-
survey	-
survival	-
survivor	+
suspect	+
suspension	-
suspicion	-
suspiciousness	-
sustenance	-
suture	-
swagman	-
swashbuckler	-
swashbuckling	-
swath	0
sweater	-
sweatshop	-
swede	-
sweep	-
sweetheart	+
sweetmeat	-
swell	-
swig	-
swimmer	-
swimming	-
swindle	-
swindler	-
swing	-
swirl	-
switch-hitter	0
switchboard	-
switcher	-
switcheroo	-
swoon	-
swordfish	-
swordplay	-
sycophant	+
symbol	+
sympathiser	+
sympathizer	+
sympathy	-
symptom	+
syndicate	-
syndrome	-
synopsis	-
system	-
t-shirt	-
ta	-
tabby	-
table	-
tablespoon	-
tabloid	-
tabun	-
tackler	+
tactic	-
tactician	-
tael	-
tailback	+
tailgate	-
taiwan	-
takeaway	+
takedown	-
takeover	-
taker	+
tale	-
talent	-
talk	-
talker	-
tandem	-
tangent	-
tank	-
tantrum	-
taoiseach	+
tapa	-
tape	-
tapenade	-
tapper	-
target	+
tariff	-
tarot	-
tarpaulin	-
tart	-
task	-
taskmaster	+
taste	-
tastelessness	-
taster	+
tate	-
taunt	-
tautness	-
tax	-
taxi	-
taxicab	-
taxidermist	-
taxpayer	-
tc	-
tea	-
teacher	+
teaching	-
teakettle	-
team	0
team-mate	+
teammate	+
tear	-
teardrop	-
teaser	0
teashop	-
teasing	-
teaspoon	-
technical	-
technician	0
technique	-
technocrat	-
technologist	-
technology	-
technophobe	-
tedium	-
tee	-
teenager	-
telegram	-
telegraph	-
telephone	-
televangelist	-
television	-
teller	0
telomere	-
temblor	-
temperature	-
temple	-
ten	-
ten-thousandth	-
tenant	+
tenderfoot	-
tenderness	-
tennis	-
tension	-
tent	-
term	-
terminator	+
terrace	-
territory	0
terror	-
terrorism	-
terrorist	-
test	-
tester	+
testicle	-
testimony	-
testing	-
tete-a-tete	-
texan	-
text	-
textile	-
texture	-
thanks	-
thc	-
theater	-
theatergoer	-
theft	-
theme	-
then-aide	+
theologian	-
theology	-
theoretician	-
theorist	-
theory	-
therapeutics	-
therapy	-
theremin	-
thief	+
thigh	-
thing	-
thinker	-
thinking	-
third	-
thm	-
tho	-
thoroughfare	-
thought	-
thoughtlessness	-
thousand	-
thrall	+
thread	-
threat	-
three	-
threshold	-
thrift	-
throe	-
throughput	-
throwback	-
thrower	+
thumb	-
thunder	-
thyroid	-
tic-tac-toe	-
ticket	-
tickle	-
tie	-
tier	+
tiler	-
tillage	-
tilt	-
time	-
timetable	-
timing	-
tin	-
tinkerer	-
tinnitus	-
tip	0
tipster	-
tire	-
tissue	-
titan	-
title	-
tobacco	-
toda	-
today	-
toddler	-
toga	-
toil	-
toll	-
tollgate	-
tomboy	-
tombstone	-
tome	-
tomorrow	-
ton	-
tonality	-
tone	-
tongue	-
tonic	-
tonight	-
tonne	-
tool	-
toon	-
tooth	-
top	+
topaz	-
topic	-
topology	-
topper	0
topside	+
topspin	-
torchbearer	-
toreador	-
tormenter	+
tormentor	+
torte	-
tortilla	-
torturer	+
torus	-
total	-
totalitarianism	-
touch	-
touchdown	-
tough	-
toughness	-
tour	-
tourism	-
tourist	0
tournament	-
tourney	-
tower	-
town	-
townhouse	-
townsend	-
toxicity	-
toy	-
tracheostomy	-
track	-
tracker	0
trade	-
trade-in	-
trader	0
trading	-
tradition	-
traditionalist	-
traffic	-
tragedy	-
trail	-
train	-
trainee	+
trainer	+
training	-
tram	-
trample	-
trampling	-
tramway	-
tranquillity	-
transaction	-
transfer	-
transient	-
transit	-
transition	-
translator	0
transmigration	-
transmission	-
transport	-
transportation	-
transsexual	-
trappings	-
travel	-
traveler	-
traveller	0
traversal	-
treason	-
treasure	-
treasurer	0
treasury	-
treatment	-
treaty	-
tree	-
trekker	-
tremble	-
tremor	-
trend	-
trial	-
tribe	-
tribesman	0
tribunal	-
tributary	+
tribute	+
trick	-
trier	+
trill	-
trillium	-
trilobite	-
trio	-
trip	-
triplet	0
triplicate	+
trisomy	-
tristan	-
triumph	-
trolling	-
trombonist	0
troop	-
trooper	-
troops	0
trophy	-
trophy-winning	-
trot	-
trotter	-
trouble	-
troublemaker	-
troubleshooter	-
truant	-
truce	-
truck	-
trucker	-
trumpeter	0
trust	-
trustbuster	-
trustee	+
truth	-
try	-
tryptophan	-
tryst	-
tsunami	-
tube	-
tuberose	-
tugrik	-
tumbleweed	-
tummy	-
tundra	-
tune	-
tungsten	-
tunnel	-
turmeric	-
turmoil	-
turn	-
turnabout	-
turnaound	-
turnaround	-
turnbuckle	-
turncoat	0
turndown	-
turnout	-
turnover	-
tuskegee	-
tutelage	-
tutor	+
tutu	-
tv	-
twin	+
twinge	-
two-by-four	-
tycoon	-
tyndale	-
type	-
typeface	-
typhoid	-
tzar	+
ufo	-
umbrella	-
umpire	0
unavailability	-
unbeliever	+
uncertainty	-
uncle	+
unconsciousness	-
underclassman	-
undergarment	+
undergraduate	-
underling	+
undersecretary	+
underside	+
understanding	-
understatement	-
understudy	+
undertaker	-
underway	-
underwriter	+
undesirable	-
unemployment	-
unevenness	-
unfortunate	-
unicorn	-
uniform	-
unilateralism	-
union	-
unionist	-
unionization	-
uniqueness	-
unison	-
unit	0
unitard	-
unity	-
universe	-
university	0
unknown	-
unlawfulness	-
unrest	-
untidiness	-
untouchable	-
unveiling	-
unwillingness	-
updraft	-
upperclassman	+
uprising	-
uranium	-
urbanisation	-
urge	-
urging	-
urologist	-
usa	-
use	-
usefulness	-
user	+
usher	-
uta	-
utility	-
utterance	-
vacation	-
vaccine	-
vacuum	-
vagrant	-
valance	-
valedictorian	+
valentine	+
valet	-
valise	-
valium	-
valuation	-
value	-
valve	-
vamp	-
van	-
vandal	0
vandalism	-
vapor	-
vaporizer	-
variability	-
variant	+
varietal	-
variety	-
vasodilator	-
vaulter	-
vector	-
vegan	-
vegetable	-
vegetarian	-
veggie	-
vehicle	-
veil	-
vendor	+
venezuelan	-
venture	-
venue	-
verb	-
verdict	+
verifier	+
version	+
vessel	-
vest	-
vet	0
veteran	-
veterinarian	-
veto	-
vfw	-
vial	-
vibration	-
vicar	0
vice	-
viceroy	+
vicinity	+
vicissitude	-
victim	0
victimisation	-
victor	+
victory	-
video	-
vietnam	-
view	-
viewer	+
vigil	-
vigilante	-
village	-
villager	-
vino	-
vintner	-
violation	+
violator	+
violence	-
violinist	0
virgin	-
virility	-
virologist	-
virtue	-
virtuosity	-
virtuoso	-
virus	-
visa	-
vision	-
visionary	-
visit	-
visitor	+
viticulture	-
vitriol	-
vocalist	0
vodka	-
voice	-
vole	-
volte-face	-
volume	-
volunteer	+
voodoo	-
vortex	-
vote	-
voter	+
voting	-
voyager	-
voyeur	0
wad	-
wag	-
wage	-
wages	-
wagner	-
wainscoting	-
waistline	0
waiter	-
wake	-
walk	-
walk-on	-
walker	-
walkthrough	-
wall	-
wallaby	-
wan	-
wanderer	-
wanking	-
wannabe	0
wapiti	-
war	-
waratah	-
warden	+
warder	0
wardrobe	-
warhead	-
warlord	-
warmonger	-
warning	-
warplane	-
warrant	+
warren	-
warrior	-
washingtonian	-
wassail	-
waste	-
watch	-
watchdog	+
watcher	+
watchman	-
water	-
watercolor	-
watercolorist	0
watt	-
wave	-
waver	-
waverer	-
waxwing	-
waxwork	-
way	-
wayfarer	-
weakness	-
wealth	-
weapon	-
wearer	+
weasel	-
weather	-
weatherman	-
web	-
website	-
wedding	-
weeder	-
week	-
weekday	-
weekend	-
weight	-
weighting	0
weightlifter	-
weirdo	-
welder	-
welfare	0
well-wisher	-
wellspring	0
west	+
westerner	+
wetness	-
whale	-
wheat	-
wheel	-
wheelchair	-
wheeler	-
whereabouts	-
wherefore	-
whig	-
while	-
whiner	-
whip	-
whirlpool	-
whisky	-
whisperer	-
whistle-blower	+
whistleblower	+
whitewash	-
whiz	-
whizz	-
whole	-
wholesaler	-
whore	-
wicket	-
wicket-keeper	0
widow	+
widower	+
width	-
wife	+
wild	-
wiliness	-
will	-
willingness	-
win	-
wind	-
windfall	-
window	-
windpipe	-
windward	+
wine	-
winemaker	-
wing	0
winger	0
winner	+
winter	-
wire	-
wireless	-
wish	-
wisp	-
wit	-
witching	-
withdrawal	-
witness	+
witticism	-
wiz	-
wok	-
wolfhound	-
wolverine	-
woman	-
womanizer	-
womb	-
wonder	-
wonderfulness	-
wonderland	-
wont	-
wonton	-
wood	-
woodcutter	-
woodpecker	-
woodwork	-
wool	-
word	-
work	-
workability	-
workaholic	-
worker	+
workforce	-
workings	-
workman	-
workmate	+
workshop	-
workweek	-
world	-
worry	-
worshipper	+
worth	-
wound	-
wraith	-
wrath	-
wrench	-
writer	0
wrongdoing	-
wtc	-
x	-
y	-
yachtsman	-
yachtswoman	-
yankee	-
yard	-
year	-
yen	-
yes	-
yesterday	-
yid	-
yield	+
yolk	-
young	-
youngster	0
youth	-
yuan	-
yucatan	-
yucca	-
yuppie	-
zambian	-
zealot	0
zealotry	-
zeitgeist	-
zen	-
zenith	0
zilch	-
zit	-
zombie	-
zone	0
zoning	-
zoo	-